{
  "improvement_percentage": 0.0,
  "current_val_loss": 0.43500593304634094,
  "best_val_loss": 0.43500593304634094,
  "cycle": 1,
  "timestamp": "2026-03-01T09:19:56.226411"
}