{
  "improvement_percentage": 2.975957218200842,
  "current_val_loss": 0.6288183331489563,
  "best_val_loss": 0.43500593304634094,
  "cycle": 7,
  "timestamp": "2026-03-03T02:00:01.678507"
}