{
  "improvement_percentage": 0.0,
  "current_val_loss": 0.6481056809425354,
  "best_val_loss": 0.43500593304634094,
  "cycle": 6,
  "timestamp": "2026-03-02T16:44:23.707941"
}