{
  "improvement_percentage": 50.01908145398768,
  "current_val_loss": 0.10520883649587631,
  "best_val_loss": 0.10520883649587631,
  "cycle": 2,
  "timestamp": "2026-03-01T09:05:49.493494"
}