{
  "improvement_percentage": 20.608908909449745,
  "current_val_loss": 0.4992257356643677,
  "best_val_loss": 0.43500593304634094,
  "cycle": 8,
  "timestamp": "2026-03-03T04:05:48.118580"
}