{
  "improvement_percentage": 5.821844272832651,
  "current_val_loss": 0.5905644297599792,
  "best_val_loss": 0.43500593304634094,
  "cycle": 5,
  "timestamp": "2026-03-02T08:44:02.464003"
}