{
  "improvement_percentage": 0.0,
  "current_val_loss": 0.6270715594291687,
  "best_val_loss": 0.43500593304634094,
  "cycle": 4,
  "timestamp": "2026-03-02T01:58:15.788291"
}