{
  "improvement_percentage": 0.0,
  "current_val_loss": 0.602540135383606,
  "best_val_loss": 0.43500593304634094,
  "cycle": 3,
  "timestamp": "2026-03-01T16:26:37.439899"
}