{
  "improvement_percentage": 0.0,
  "current_val_loss": 0.5934076905250549,
  "best_val_loss": 0.43500593304634094,
  "cycle": 2,
  "timestamp": "2026-03-01T09:27:24.972414"
}