{
  "loss": [
    0.2556608319282532,
    0.15562188625335693
  ],
  "val_loss": [
    0.21049800515174866,
    0.10520883649587631
  ],
  "epochs": [
    1,
    2
  ],
  "complexity": [
    1,
    1
  ]
}