{
  "loss": [
    1.5476018190383911,
    1.235219120979309,
    1.1658269166946411,
    1.0919536352157593,
    0.9141553640365601,
    0.7259385585784912,
    0.7696713209152222,
    0.6742995977401733
  ],
  "val_loss": [
    0.43500593304634094,
    0.5934076905250549,
    0.602540135383606,
    0.6270715594291687,
    0.5905644297599792,
    0.6481056809425354,
    0.6288183331489563,
    0.4992257356643677
  ],
  "epochs": [
    1,
    2,
    3,
    4,
    5,
    6,
    7,
    8
  ],
  "complexity": [
    1,
    1,
    1,
    1,
    1,
    1,
    1,
    1
  ]
}