{
  "loss": [
    1.5476018190383911,
    1.235219120979309,
    1.1658269166946411,
    1.0919536352157593,
    0.9141553640365601
  ],
  "val_loss": [
    0.43500593304634094,
    0.5934076905250549,
    0.602540135383606,
    0.6270715594291687,
    0.5905644297599792
  ],
  "epochs": [
    1,
    2,
    3,
    4,
    5
  ],
  "complexity": [
    1,
    1,
    1,
    1,
    1
  ]
}