{
  "loss": [
    1.5476018190383911,
    1.235219120979309
  ],
  "val_loss": [
    0.43500593304634094,
    0.5934076905250549
  ],
  "epochs": [
    1,
    2
  ],
  "complexity": [
    1,
    1
  ]
}