{
  "loss": [
    0.2556608319282532
  ],
  "val_loss": [
    0.21049800515174866
  ],
  "epochs": [
    1
  ],
  "complexity": [
    1
  ]
}