{
  "loss": [
    1.5476018190383911
  ],
  "val_loss": [
    0.43500593304634094
  ],
  "epochs": [
    1
  ],
  "complexity": [
    1
  ]
}