{
  "current_cycle": 2,
  "current_epoch": 100,
  "total_cycles_completed": 2,
  "best_loss": 0.43500593304634094,
  "timestamp": "2026-03-01T09:27:24.972150"
}