{
  "current_cycle": 5,
  "current_epoch": 100,
  "total_cycles_completed": 5,
  "best_loss": 0.43500593304634094,
  "timestamp": "2026-03-02T08:44:02.463765"
}