{
  "current_cycle": 3,
  "current_epoch": 100,
  "total_cycles_completed": 3,
  "best_loss": 0.43500593304634094,
  "timestamp": "2026-03-01T16:26:37.439636"
}