{
  "current_cycle": 8,
  "current_epoch": 100,
  "total_cycles_completed": 8,
  "best_loss": 0.43500593304634094,
  "timestamp": "2026-03-03T04:05:48.118324"
}