{
  "current_cycle": 2,
  "current_epoch": 100,
  "total_cycles_completed": 2,
  "best_loss": 0.10520883649587631,
  "timestamp": "2026-03-01T09:05:49.493239"
}