{
  "current_cycle": 4,
  "current_epoch": 100,
  "total_cycles_completed": 4,
  "best_loss": 0.43500593304634094,
  "timestamp": "2026-03-02T01:58:15.788030"
}