{
  "current_cycle": 7,
  "current_epoch": 100,
  "total_cycles_completed": 7,
  "best_loss": 0.43500593304634094,
  "timestamp": "2026-03-03T02:00:01.678274"
}