{
  "current_cycle": 1,
  "current_epoch": 100,
  "total_cycles_completed": 1,
  "best_loss": 0.43500593304634094,
  "timestamp": "2026-03-01T09:19:56.226113"
}